{"average_time":615858.8,"min_time":443383,"max_time":878090,"std_dev":154242.05667897456,"memory_usage":197309235.2,"iterations":5,"total_time":3079294,"times_ms":[443.383,482.343,666.514,608.964,878.09],"memory_mb":188.16875}